id;ordem;tipo;cor;dica_definicao;exemplo;resposta
1;1;Logica;logica;"O símbolo ¬ representa a negação lógica. A negação troca verdadeiro por falso e falso por verdadeiro.";"Como V significa verdadeiro, então sua negação será falsa: ¬V = F.";"F"
1;2;Logica;logica;"A implicação p → q só é falsa em um único caso: quando p é verdadeiro e q é falso.";"Exemplo: 'Se estudo então passo'. Se a pessoa estudou e mesmo assim não passou, a implicação falha.";"Quando p=V e q=F"
1;3;Logica;logica;"Resolva primeiro a expressão dentro do parêntese. Como p=F e q=V, então (p ∨ q)=V. Depois calcule ¬p. Como p=F, então ¬p=V. Por fim faça V ∧ V.";"(F ∨ V) ∧ ¬F → V ∧ V → V";"V"
1;4;Logica;logica;"Primeiro resolvemos a implicação interna. Como p=F e q=V, então (p → q)=V, porque implicações com antecedente falso são verdadeiras. Depois resolvemos V → F.";"(F → V) → F → V → F";"F"
2;1;Logica;logica;"A negação lógica inverte o valor lógico. Verdadeiro vira falso e falso vira verdadeiro.";"Como F significa falso, então ¬F = V.";"V"
2;2;Logica;logica;"A afirmação 'Todo cachorro é animal' não funciona ao contrário. Isso acontece porque existem animais que não são cachorros.";"Todo cachorro é animal, mas gatos também são animais.";"Não"
2;3;Logica;logica;"Uma implicação só é falsa quando o antecedente é verdadeiro e o consequente é falso. Em todos os outros casos ela é verdadeira.";"Como p=F e q=F, então p → q é verdadeiro.";"V"
2;4;Logica;logica;"Primeiro resolvemos os parênteses. Como p=V e q=V, então (p ∨ q)=V. Depois calculamos ¬p e ¬q, que ficam F e F.";"(V ∨ V) ∧ (F ∨ F) → V ∧ F";"F"
3;1;Logica;logica;"O conectivo lógico '∧' (conjunção/E) exige que ambas as proposições sejam verdadeiras para que o resultado final seja verdadeiro.";"Se p=V e q=F, temos V ∧ F. Como uma delas é falsa, o resultado é F.";"F"
3;2;Logica;logica;"O conectivo lógico '∨' (disjunção/OU) só resulta em falso se todas as proposições envolvidas forem falsas. Tabela Verdade do OU: V∨V=V, V∨F=V, F∨V=V, F∨F=F.";"Como p=F e q=F, ambas são falsas, logo p ∨ q resulta em F.";"F"
3;3;Logica;logica;"Esta é uma falácia lógica chamada 'Negação do Antecedente'. O fato de a condição inicial (chover) não acontecer não impede que o resultado (rua molhar) ocorra por outros motivos (ex: um caminhão-pipa).";"Se chove, a rua molha. Não choveu, mas a rua pode ter sido lavada. Portanto, não podemos afirmar que ela não molhou.";"Não necessariamente"
3;4;Logica;logica;"A dupla negação se cancela. Negar uma negação faz com que a proposição retorne ao seu valor original: ¬(¬p) é o mesmo que p.";"Se p=F, a primeira negação ¬p vira V. A segunda negação ¬(V) vira F.";"F"
4;1;Logica;logica;"Este é o Princípio do Terceiro Excluído. Uma proposição ou é verdadeira ou é falsa, não existindo uma terceira opção. Na linguagem comum, isso representa um 'OU exclusivo' perfeito.";"Ou você sai de casa (V) ou você não sai de casa (F). Uma das duas situações obrigatoriamente acontecerá.";"Sim, é verdade"
4;2;Logica;logica;"Esta é uma regra de inferência chamada Modus Ponens. Se temos a regra 'Se A, então B' e sabemos que 'A' aconteceu, podemos deduzir com certeza absoluta que 'B' também aconteceu.";"Premissa 1: Se chove, o chão molha. Premissa 2: Está chovendo. Conclusão: O chão está molhado.";"Que o chão está molhado"
4;3;Logica;logica;"Na conjunção '∧' (E), se o primeiro elemento (p) já é falso, o resultado total será obrigatoriamente falso, independentemente do que aconteça na segunda parte (q ∨ r).";"Substituindo p=F, temos F ∧ (q ∨ r). Como o primeiro termo é F, o resultado final é F.";"F"
4;4;Logica;logica;"Não, isso é um erro de conversão lógica. O conjunto dos números múltiplos de 4 está contido no conjunto dos números pares, mas o oposto não é verdadeiro.";"O número 6 é par, mas não é um múltiplo de 4. Logo, nem todo par é múltiplo de 4.";"Não"
5;1;Logica;logica;"Na soma binária: 0+0=0, 0+1=1, 1+0=1, e 1+1=10 (deixa 0 e 'vai 1'). O número 010 em binário equivale a 2 em decimal, e 01 equivale a 1.";"Alinhando os bits: 010 + 001 = 011. Em decimal, 2 + 1 = 3 (que é 011 em binário).";"011"
5;2;Logica;logica;"Primeiro somamos os valores decimais: 4 + 1 = 5. Para converter o 5 para binário, dividimos por 2 sucessivamente ou somamos as potências de base 2 (4 + 0 + 1), que corresponde às posições dos bits.";"O número 5 possui 1 grupo de 4, 0 grupos de 2 e 1 grupo de 1. Portanto, escreve-se como 101.";"101"
5;3;Logica;logica;"O símbolo ∑ (somatório) indica que devemos substituir a variável 'i' por cada número do valor inicial (1) até o final (4), multiplicá-la por 2 e somar todos os resultados.";"Substituindo i de 1 a 4: 2(1) + 2(2) + 2(3) + 2(4) = 2 + 4 + 6 + 8 = 20.";"20"
5;4;Logica;logica;"O somatório calcula o quadrado de cada número de 1 até 5 e depois soma todos esses resultados obtidos.";"Substituindo i de 1 a 5: 1² + 2² + 3² + 4² + 5² = 1 + 4 + 9 + 16 + 25 = 55.";"55"
6;1;Logica;logica;"Quando o termo dentro do somatório é uma constante (não depende de 'i'), nós simplesmente somamos essa constante tantas vezes quantas forem os passos de 'i' (de 1 até 5 são 5 passos).";"Para i=1, 2, 3, 4, 5 o valor é sempre 1. Então: 1 + 1 + 1 + 1 + 1 = 5.";"5"
6;2;Logica;logica;"Este somatório representa a soma dos primeiros 3 números inteiros positivos.";"Substituindo i de 1 até 3: 1 + 2 + 3 = 6.";"6"
6;3;Logica;logica;"Podemos subtrair os termos comuns. O primeiro somatório vai de 1 a 5 e o segundo tira os termos de 1 a 3. Sobram apenas os termos onde i=4 e i=5.";"(1 + 2 + 3 + 4 + 5) - (1 + 2 + 3) = 4 + 5 = 9.";"9"
6;4;Logica;logica;"Para cada valor de 'i' de 1 a 3, primeiro somamos 2 e depois elevamos o resultado final ao quadrado, somando tudo no término.";"Para i=1: (1+2)²=9. Para i=2: (2+2)²=16. Para i=3: (3+2)²=25. Soma: 9 + 16 + 25 = 50.";"50"
7;1;Logica;logica;"Significa somar o número 1 repetidamente, começando em i=1 e terminando em i=n. Como existem exatamente 'n' termos nessa sequência, o resultado final será sempre igual a n.";"Se n=3, somamos o 1 três vezes: 1 + 1 + 1 = 3. Logo, para 'n' o resultado é n.";"O resultado é n (a soma do número 1 por n vezes)"
7;2;Logica;logica;"Substituímos 'i' consecutivamente pelos valores de 1 até 4 na expressão (2i + 1) e somamos os resultados.";"i=1: 2(1)+1=3; i=2: 2(2)+1=5; i=3: 2(3)+1=7; i=4: 2(4)+1=9. Soma: 3 + 5 + 7 + 9 = 24.";"24"
7;3;Logica;logica;"Para cada passo de 1 até 4, multiplicamos o número corrente pelo seu sucessor (i + 1) e acumulamos a soma.";"i=1: 1(2)=2; i=2: 2(3)=6; i=3: 3(4)=12; i=4: 4(5)=20. Soma: 2 + 6 + 12 + 20 = 40.";"40"
7;4;Logica;logica;"Não necessariamente. Se a lista contiver números negativos ou zero, o somatório pode diminuir ou estagnar a cada passo.";"Se a lista for [-5, -2, -1], o número inicial é -5, mas a soma total é -8, que é menor que -5.";"Não, depende dos valores da lista"
8;1;Lei de DeMorgan;logica;"Primeiro resolve-se a conjunção dentro do parêntese. No conectivo '∧' (E), se houver um termo falso, o resultado interno é falso. Depois, aplica-se a negação externa (¬).";"Dentro do parêntese: V ∧ F = F. Negando o resultado: ¬(F) = V.";"V"
8;2;Lei de DeMorgan;logica;"A Primeira Lei de DeMorgan afirma que a negação de uma disjunção (OU) é equivalente à conjunção (E) das negações das proposições individuais. Traduzindo: nega-se as duas letras e troca-se o OU pelo E.";"Ao aplicar a negação em (p ∨ q), o 'p' vira '¬p', o '∨' vira '∧', e o 'q' vira '¬q'. Resultado: ¬p ∧ ¬q.";"¬p ∧ ¬q"
8;3;Lei de DeMorgan;logica;"Substituímos os valores dados: p=V e q=F. Resolvemos a operação '∧' interna e depois invertemos o resultado final com a negação.";"Como q=F, a expressão interna (V ∧ F) resulta em F. Negando o F externo, obtemos V.";"V"
8;4;Lei de DeMorgan;logica;"Aplicamos a Lei de DeMorgan considerando dois blocos: o bloco (p ∨ q) e o bloco r conectados por um '∧'. A negação transforma o '∧' central em '∨' e nega individualmente as duas partes.";"¬[(p ∨ q) ∧ r] expande-se para ¬(p ∨ q) ∨ ¬r. Aplicando DeMorgan novamente na primeira parte, temos: (¬p ∧ ¬q) ∨ ¬r.";"(¬p ∧ ¬q) ∨ ¬r"
9;1;Lei de DeMorgan;logica;"Resolvemos primeiro o que está dentro do parêntese com o operador '∨' (OU). F ∨ F resulta em F. Em seguida, a negação exterior inverte o valor.";"Dentro dos parênteses: F ∨ F = F. Aplicando a negação: ¬(F) = V.";"V"
9;2;Lei de DeMorgan;logica;"A Segunda Lei de DeMorgan dita que a negação de uma conjunção (E) equivale à disjunção (OU) das negações individuais. Ou seja, nega-se ambos os termos e troca-se o E pelo OU.";"Distribuindo a negação em (p ∧ q): o 'p' vira '¬p', o '∧' vira '∨' e o 'q' vira '¬q'. Resultado: ¬p ∨ ¬q.";"¬p ∨ ¬q"
9;3;Lei de DeMorgan;logica;"Primeiro substitui-se os valores p=F e q=V dentro do parêntese com o operador '∨' (OU). Se pelo menos uma das variáveis for verdadeira, o OU será verdadeiro. Depois aplica-se a negação.";"Internamente: F ∨ V = V. Aplicando a negação externa: ¬(V) = F.";"F"
9;4;Lei de DeMorgan;logica;"Primeiro descobrimos o valor individual de cada negação. Se p=F, então ¬p=V. Se q=F, então ¬q=V. Depois efetuamos a conjunção '∧' (E) entre os resultados obtidos.";"Substituindo: (¬F ∧ ¬F) vira (V ∧ V). Como ambos os lados são verdadeiros, o resultado é V.";"V"

10;1;Inducao;inducao;"Para que a indução matemática funcione, a propriedade precisa ser obrigatoriamente verdadeira no ponto de partida (caso base). Se ela falhar logo no primeiro elemento, a estrutura inteira desaba.";"Imagine uma fileira de dominós: se o primeiro dominó (caso base) não cair, nenhum dos outros dominós seguintes cairá.";"Não, a prova falha imediatamente"
10;2;Inducao;inducao;"Na indução forte, assumimos que a propriedade é verdadeira para todos os valores anteriores, desde o caso base até um valor k, e não apenas para o valor imediatamente anterior (k).";"Em vez de assumir apenas que P(k) é real, assumimos que P(base), P(base+1), ..., até P(k) são todos verdadeiros.";"Assumimos que a propriedade vale para todos os valores de base até k"
10;3;Inducao;inducao;"A soma dos n primeiros inteiros positivos segue a famosa fórmula descoberta por Gauss, que consiste em multiplicar o total de números (n) pelo seu sucessor (n+1) e dividir por 2.";"Para somar de 1 a 4: S = 4 * (4 + 1) / 2 → S = 4 * 5 / 2 = 10. Testando manualmente: 1 + 2 + 3 + 4 = 10.";"n * (n + 1) / 2"
10;4;Inducao;inducao;"Usamos mais hipóteses na indução forte porque existem problemas estruturais (como divisões de polígonos ou propriedades de números primos) em que o caso (k+1) depende de múltiplos estados passados, e não só de k.";"Para quebrar um chocolate de tamanho k+1, o resultado depende de pedaços menores aleatórios, não necessariamente do tamanho k.";"Porque o próximo caso depende de vários casos anteriores, não só do último"
11;1;Inducao;inducao;"O caso base representa o limite inferior ou o ponto de partida exato de onde a sua afirmação começa a fazer sentido matemático dentro do problema enunciado.";"Se a regra foi feita para valer para todo n ≥ 2, seu primeiro teste lógico deve ser obrigatoriamente feito com n = 2.";"O caso base deve ser n = 2"
11;2;Inducao;inducao;"Significa provar o mecanismo de transmissão. Mostramos que, sob a condição/hipótese de um número genérico k ser verdadeiro, o seu vizinho seguinte (k+1) também será forçado a ser verdadeiro.";"Se o k-ésimo dominó cair (hipótese), provamos matematicamente que o dominó k+1 também será empurrado.";"Provar que a verdade de um caso garante a verdade do caso seguinte"
11;3;Inducao;inducao;"O domínio define em qual conjunto numérico as regras e operações fazem sentido. A indução padrão exige conjuntos ordenados e discretos que possuam um começo claro e passos bem definidos.";"Não podemos usar indução tradicional no conjunto dos números reais, pois não existe um ""próximo número"" imediato após o 1.";"Definir o conjunto onde a propriedade é válida e onde os passos acontecem"
11;4;Inducao;inducao;"Porque os números naturais possuem uma estrutura perfeitamente ordenada, discreta e que contém o Princípio do Bom Ordenamento, onde cada elemento (exceto o primeiro) possui um sucessor imediato.";"O número 1 é seguido pelo 2, que é seguido pelo 3, facilitando a criação de um passo lógico fixo de tamanho +1.";"Porque eles têm um início claro e um sucessor bem definido para cada número"
12;1;Inducao;inducao;"Sim, perfeitamente. Se o seu objetivo for provar a validade apenas para números a partir de 2, o valor de P(1) torna-se irrelevante para a sua validação.";"É como um jogo classificado para maiores de 12 anos: não importa se crianças de 11 anos não podem jogar, a regra funciona para os mais velhos.";"Sim, a prova será válida para todo n maior ou igual a 2"
12;2;Inducao;inducao;"A ideia central é automatizar uma prova infinita usando apenas duas etapas básicas: validar o início da afirmação e provar que a verdade é transmitida perpetuamente para a frente.";"Se você liga a tomada (caso base) e os fios transmitem energia ao próximo trecho (passo), a rede toda funciona.";"Provar uma verdade infinita validando o início e a sua transmissão"
12;3;Inducao;inducao;"Ela garante infinitos casos devido à sua natureza cíclica. Se o primeiro é verdadeiro e ativa o segundo, o segundo ativará o terceiro, o terceiro o quarto, estendendo-se até o infinito.";"P(1) ativa P(2). Como P(2) virou verdade, ele ativa P(3). Esse ciclo se repete eternamente sem interrupções.";"Porque cria uma reação em cadeia onde um caso sempre valida o próximo"
12;4;Inducao;inducao;"Um dos maiores erros na indução é tentar demonstrar o passo indutivo sem de fato utilizar ou aplicar a hipótese indutiva que você assumiu como verdadeira nas equações.";"Tentar provar P(k+1) usando apenas manipulação algébrica isolada, esquecendo-se de substituir a parte que equivale a P(k).";"Tentar provar o passo indutivo sem usar a hipótese indutiva"
13;1;Inducao;inducao;"Sim. A indução é amplamente utilizada para provar desigualdades matemáticas (como mostrar que n! > 2^n para valores grandes), exigindo apenas atenção redobrada na álgebra de maior/menor.";"Provar que 2^n > n para todo número natural a partir de um ponto de partida definido.";"Sim, ela é muito usada para provar desigualdades"
13;2;Inducao;inducao;"O papel da hipótese indutiva é servir de alicerce temporário. Você assume provisoriamente que a propriedade funciona para um número k para ter uma base matemática na hora de construir o caso k+1.";"É como assumir que você está no degrau k de uma escada para conseguir esticar o pé e alcançar o degrau k+1.";"Servir de base, assumindo que a propriedade funciona para um caso genérico k"
13;3;Inducao;inducao;"A estrutura divide-se rigidamente em três etapas cruciais: 1) Base da Indução (teste inicial), 2) Hipótese Indutiva (suposição para k) e 3) Passo Indutivo (provar para k+1).";"Primeiro testo n=1. Depois assumo que vale para k. Por fim, faço cálculos para provar que funciona para k+1.";"Caso base, hipótese indutiva e passo indutivo"
13;4;Inducao;inducao;"Não garante. Se você provar apenas saltos de dois em dois começando no 1, você provará a propriedade apenas para os números ímpares (1, 3, 5...), deixando os números pares completamente de fora.";"P(1) → P(3) → P(5). Os números 2, 4 e 6 nunca receberiam a validação, quebrando a generalização para todos os naturais.";"Não, pois saltaria elementos (por exemplo, validaria os ímpares mas esqueceria os pares)"
14;1;Inducao;inducao;"O caso base é a verificação inicial do problema. É a prova prática de que a sua fórmula ou afirmação matemática realmente funciona para o primeiríssimo elemento válido.";"Se a regra vale para números positivos, testamos se a fórmula dá certo substituindo n por 1.";"A verificação inicial de que a propriedade funciona para o primeiro elemento"
14;2;Inducao;inducao;"O primeiro passo de qualquer indução consiste sempre em estabelecer e calcular com sucesso o caso base no ponto inicial determinado pelo enunciado do problema.";"Antes de tentar fazer grandes contas com variáveis, substitua o termo por n=1 (ou o menor valor do conjunto) e resolva.";"Testar e validar o caso base"
14;3;Inducao;inducao;"O passo indutivo é a etapa dedutiva onde você demonstra matematicamente que, se a propriedade funcionar para o elemento k, ela obrigatoriamente passará a valer para o elemento k+1.";"Usar a suposição de que P(k) é real e, através de manipulações na equação, chegar ao resultado exato de P(k+1).";"A demonstração de que a verdade se estende de um caso k para o caso k+1"
14;4;Inducao;inducao;"Se você não usar a hipótese, sua prova não é uma indução matemática legítima; vira apenas uma dedução direta isolada, o que geralmente significa que sua lógica para o caso geral está incorreta.";"Se você prova P(k+1) sem usar P(k), você fez uma prova direta que não dependia do efeito dominó.";"A prova deixa de ser por indução e pode perder a validade lógica do efeito dominó"
15;1;Inducao;inducao;"A indução funciona para conjuntos numéricos discretos que sejam bem ordenados, ou seja, que possuam elementos contáveis sequencialmente e um elemento mínimo inicial.";"Conjunto dos Números Naturais ou subconjuntos específicos de números inteiros (como 'todos os inteiros positivos maiores que 5').";"Conjuntos discretos e bem ordenados, como os números naturais"
15;2;Inducao;inducao;"A indução serve para demonstrar de forma definitiva a validade de teoremas, fórmulas e propriedades que se aplicam a uma infinidade de elementos discretos de uma só vez.";"Provar de uma vez por todas que uma fórmula matemática de soma vai funcionar para n = 10 ou para n = 1.000.000.";"Provar a validade de afirmações ou fórmulas matemáticas para infinitos casos discretos"
15;3;Inducao;inducao;"O objetivo principal é criar o elo de conexão infinita, provando que a propriedade matemática possui a capacidade intrínseca de se propagar para o próximo elemento.";"Garantir matematicamente que a regra tem um comportamento padrão estável que nunca se rompe à medida que avançamos.";"Mostrar que a propriedade se propaga e se mantém verdadeira ao avançar na sequência"
15;4;Inducao;inducao;"Na indução simples, você assume que apenas o caso imediatamente anterior (k) é verdadeiro. Na forte, você assume que absolutamente todos os casos anteriores desde o início são verdadeiros.";"Simples: P(k) ajuda a provar P(k+1). Forte: P(1), P(2) e P(k) juntos ajudam a provar P(k+1).";"A simples usa apenas o caso k como hipótese; a forte usa todos os casos de base até k"
16;1;Inducao;inducao;"É o ponto de partida numérico da sua indução. Serve como teste empírico inicial para garantir que a propriedade tem fundamentos verdadeiros no menor valor estipulado.";"Para provar que n! > n, começamos testando no menor valor aceitável dentro do contexto da propriedade.";"A primeira verificação da afirmação no menor valor permitido pelo problema"
16;2;Inducao;inducao;"Assumimos temporariamente como verdade absoluta que a propriedade ou fórmula funciona perfeitamente para um elemento genérico qualquer chamado de k.";"Escrevemos a fórmula original substituindo a letra 'n' pela letra 'k' e tratamos aquilo como um fato consumado para os próximos cálculos.";"Assumimos que a propriedade é verdadeira para um valor genérico k"
16;3;Inducao;inducao;"O objetivo é comprovar algébricamente que a fórmula mantém sua exata estrutura e validade quando expandida para englobar o próximo passo sequencial da lista.";"Se a fórmula para k era k/2, o objetivo é demonstrar que para o próximo termo ela resultará estruturalmente em (k+1)/2.";"Demonstrar que a fórmula permanece correta ao incluir o próximo elemento da sequência"
16;4;Inducao;inducao;"Provar apenas o caso base mostra apenas que a regra funciona para um número isolado, mas não garante que ela continuará funcionando para os números seguintes, pois falta o elo de ligação.";"Dizer que P(1) é verdade não impede que P(2) seja falso. Sem o passo indutivo, a corrente não se estende.";"Porque o caso base prova apenas o primeiro passo isolado, sem garantir que a regra se propague"
17;1;Inducao;inducao;"Ela é fundamentalmente aplicada sobre o Conjunto dos Números Naturais (N), dado o seu comportamento posicional perfeito e contável de elementos.";"Conjunto contendo os números {0, 1, 2, 3, 4, ...} ou {1, 2, 3, 4, ...} dependendo da convenção adotada.";"O conjunto dos números naturais"
17;2;Inducao;inducao;"A ideia principal é demonstrar a capacidade de transmissão da verdade. É provar o conectivo condicional SE funcionar para um, ENTÃO funcionará para o próximo.";"Se descobrirmos que um padrão vale em um degrau, garantimos que ele se repete no degrau subsequente.";"Demonstrar que a veracidade da propriedade é transmitida de um termo para o seu sucessor"
17;3;Inducao;inducao;"Na indução forte, o historiador lógico pode resgatar a veracidade combinada de qualquer número ou de todos os números inteiros situados entre o caso base e o passo k atual.";"Podemos usar o fato de que a propriedade funcionou tanto para k-1 quanto para k-3 se isso nos ajudar na dedução matemática.";"A união das verdades de todos os casos anteriores, do caso base até o caso k"
17;4;Inducao;inducao;"Não. Se a suposição da hipótese indutiva for falsa em termos práticos (ou impossível), toda a dedução lógica subsequente perde o seu valor de prova matemática real.";"Construir um argumento em cima de uma mentira matemática invalida o resultado final da demonstração.";"Não, uma hipótese falsa destrói o fundamento lógico e invalida a prova"
18;1;Inducao;inducao;"Sim, com certeza. Se a propriedade que você deseja validar fizer sentido matemático para o número zero, n = 0 pode e deve ser configurado como o seu legítimo caso base.";"Provar uma propriedade sobre potências de base 2: podemos iniciar testando com 2^0 = 1, fazendo do 0 o ponto de partida.";"Sim, desde que a propriedade faça sentido e seja verdadeira para o valor zero"
18;2;Inducao;inducao;"Significa estabelecer uma relação de causa e efeito. É garantir que a veracidade do caso atual (k) serve de combustível e prova suficiente para validar o caso sucessor (k+1).";"É uma garantia condicional: Se o caso k estiver correto, o caso k+1 ganha o selo de correto automaticamente.";"Garantir que a validade do caso k implica necessariamente na validade do caso k+1"
18;3;Inducao;inducao;"Porque ela une o ponto de partida real ao mecanismo gerador infinito. O caso base inicia o processo e o passo indutivo replica o sucesso para cada número subsequente sem parar.";"A base liga o motor e o passo indutivo funciona como as engrenagens que movem as rodas infinitamente para a frente.";"Porque ela une uma validação inicial a uma regra de replicação perpétua"
18;4;Inducao;inducao;"A indução simples apoia-se em um único pilar (o caso anterior k). A indução forte apoia-se em múltiplos pilares (uma sequência contínua de todos os casos passados).";"Simples: k empurra k+1. Forte: O bloco inteiro de 1 até k se une para conseguir empurrar o k+1.";"A simples requer apenas a verdade de P(k); a forte exige a verdade de todos os casos anteriores a k"

19;1;Direta;direta;"A demonstração direta é um método que parte de uma hipótese considerada verdadeira e, por meio de passos lógicos, definições e deduções matemáticas, chega diretamente à conclusão desejada.";"Se queremos provar que n+n é par se n é inteiro: n+n = 2n. Pela definição de número par (múltiplo de 2), 2n é par.";"Um método que usa passos lógicos e definições para ir da hipótese até a conclusão"
19;2;Direta;direta;"Um número par pode ser escrito como 2k. Ao elevar esse número ao quadrado, obtemos uma expressão que também pode ser fatorada colocando o número 2 em evidência, o que mantém a propriedade.";"(2k)² = 4k² = 2(2k²). Como o resultado é um múltiplo de 2, ele é obrigatoriamente par.";"Par"
19;3;Direta;direta;"Um número ímpar é escrito como (2k + 1). Se multiplicarmos esse número por ele mesmo três vezes, o resultado final manterá a estrutura de um número ímpar.";"(2k+1)³ = 8k³ + 12k² + 6k + 1 = 2(4k³ + 6k² + 3k) + 1. Note a estrutura de 2m + 1, que define um número ímpar.";"Ímpar"
19;4;Direta;direta;"Sim. Na matemática pura, se o quadrado de um número inteiro é par, o número original também precisa ser par (já que o quadrado de um número ímpar seria sempre ímpar).";"Se n² = 36 (par), então n = 6 (par). Se n² = 16 (par), então n = 4 (par).";"Sim, n é par"
20;1;Direta;direta;"Os números inteiros alternam estritamente entre pares e ímpares. Portanto, somar 1 a qualquer número par faz com que ele se transforme no seu sucessor imediato.";"Se n = 4 (par), então 4 + 1 = 5 (ímpar). Se n = 10 (par), então 10 + 1 = 11 (ímpar).";"Ímpar"
20;2;Direta;direta;"A soma de dois números só resulta em um número par em duas ocasiões: quando ambos são pares ou quando ambos são ímpares. Se já sabemos que 'a' é par, o 'b' não tem escolha.";"Se a + b = 10 (par) e a = 4 (par), então b só pode ser 6 (par).";"Par"
20;3;Direta;direta;"A multiplicação de qualquer número inteiro por um número par sempre resulta em um número par, pois o fator 2 do número par é herdado pelo produto final.";"Se a = 4 (par) e b = 3 (ímpar), o produto ab = 4 * 3 = 12, que é um número par.";"Par"
20;4;Direta;direta;"Sim. Se n é par, ele pode ser escrito como 2k. Na multiplicação n(n+2), o termo já começa multiplicado por um número par, o que garante a paridade do resultado.";"Se n = 4, então 4 * (4 + 2) = 4 * 6 = 24, que é par.";"Sim, é par"
21;1;Direta;direta;"Qualquer número inteiro, seja ele par ou ímpar, quando multiplicado por 2 se transforma automaticamente em um número par, pois atende à definição básica de paridade (múltiplo de 2).";"Se n = 3 (ímpar), então 2n = 2 * 3 = 6, que é um número par.";"Par"
21;2;Direta;direta;"Podemos expressar os números como 2k e 2m. Ao somá-los, podemos colocar o 2 em evidência: 2(k + m). Qualquer número que tenha o 2 como fator multiplicador é par.";"Se a = 6 e b = 8, então 6 + 8 = 14, que é par.";"Par"
21;3;Direta;direta;"Um número múltiplo de 5 termina em 0 ou 5. Ao somar 5 a ele, avançamos para o próximo múltiplo na tabuada do 5, mantendo a propriedade de ser divisível por 5.";"Se n = 15 (múltiplo de 5), então 15 + 5 = 20, que continua sendo um múltiplo de 5.";"Múltiplo de 5"
21;4;Direta;direta;"Sim. A expressão n² + n pode ser fatorada como n(n + 1). Isso representa a multiplicação de dois números consecutivos. Na sequência dos inteiros, um deles será obrigatoriamente par.";"Se n = 3, temos 3² + 3 = 9 + 3 = 12 (par). Se n = 4, temos 4² + 4 = 16 + 4 = 20 (par).";"Sim, é sempre par"
22;1;Direta;direta;"Sim. Por definição, um número é considerado par se, e somente se, ele for divisível por 2 sem deixar restos, gerando assim um resultado inteiro.";"Se n = 8 (par), então 8 / 2 = 4, que é um número inteiro.";"Sim, é inteiro"
22;2;Direta;direta;"Sim. Todo número múltiplo de 6 é gerado pela multiplicação de um inteiro por 6 (que é 2 * 3). Como o fator 3 está embutido no 6, ele também é divisível por 3.";"O número 12 é múltiplo de 6 (6 * 2) e também é múltiplo de 3 (3 * 4).";"Sim, é múltiplo de 3"
22;3;Direta;direta;"A expressão n(n-1) representa o produto de dois números inteiros vizinhos/consecutivos. Como os números alternam entre par e ímpar, um dos dois fatores obrigatoriamente será par.";"Se n = 5, então 5 * (5 - 1) = 5 * 4 = 20 (par). Se n = 6, então 6 * (6 - 1) = 6 * 5 = 30 (par).";"Par"
22;4;Direta;direta;"Sim. Como vimos anteriormente, a expressão i² + i é igual a i(i+1), que sempre gera um número par. Dividir um número par por 2 sempre resulta em um valor inteiro.";"Para n=1: (1²+1)/2 = 2/2 = 1 (inteiro). O somatório de números inteiros sempre resultará em outro número inteiro.";"Sim, é inteiro"
23;1;Direta;direta;"Carta de ação dinâmica! O jogador deve retirar uma carta de pergunta de qualquer um dos três tipos citados e responder corretamente a questão de nível 'difícil' para validar seu turno.";"Se você escolheu Direta ID 19, a pergunta é: 'Se n² é par, então n é par?'. Resposta correta: 'Sim'.";"O jogador deve escolher e responder uma pergunta difícil"
23;2;Direta;direta;"Se um número é múltiplo simultaneamente de 2 e de 3, ele deve ser múltiplo do Mínimo Múltiplo Comum (MMC) entre esses dois valores, que é 6.";"O número 12 é múltiplo de 2 e de 3, e consequentemente é múltiplo de 6.";"Múltiplo de 6"
23;3;Direta;direta;"Sim. A expressão i(i+1) é o produto de dois números consecutivos, o que garante um resultado par. Um número par dividido por 2 é inteiro, e a soma de inteiros continua inteira.";"Para i=1, 1(2)/2 = 1. Para i=2, 2(3)/2 = 3. A soma 1 + 3 = 4 é um número inteiro.";"Sim, é inteiro"
23;4;Direta;direta;"Fatoramos a expressão como i(i + 1). Como i e (i + 1) são inteiros consecutivos, um deles é obrigatoriamente par (múltiplo de 2). Qualquer número multiplicado por um par resulta em par.";"Se i é par, a expressão tem um fator par. Se i é ímpar, então (i+1) é par. Em ambos os casos, o produto é par.";"Demonstração feita pelo produto de consecutivos i(i+1)"
24;1;Direta;Demonstracao Direta;"Somar 2 a um número par significa avançar duas unidades na reta numérica, o que nos leva diretamente ao próximo número par da sequência.";"Se n = 6 (par), então 6 + 2 = 8, que continua sendo um número par.";"Par"
24;2;Direta;Demonstracao Direta;"Escrevendo a = 2k e b = 2m, a soma é 2k + 2m = 2(k + m). Como o resultado possui o fator 2 em evidência, ele atende perfeitamente à definição de número par.";"Se a = 4 e b = 10, então 4 + 10 = 14, que é par.";"Par"
24;3;Direta;Demonstracao Direta;"Se n é múltiplo de 3, ele pode ser escrito como 3k. Multiplicá-lo por 3 resulta em 3 * (3k) = 9k. Sendo assim, o resultado é um múltiplo de 9 (e também de 3).";"Se n = 6 (múltiplo de 3), então 3n = 3 * 6 = 18, que é múltiplo de 9 e de 3.";"Múltiplo de 9 (e também de 3)"
24;4;Direta;Demonstracao Direta;"Fatorando a expressão, temos n(n + 1). Como n e n+1 são dois inteiros sequenciais, um deles é obrigatoriamente par. O produto de qualquer inteiro por um par sempre resulta em par.";"Se n = 5, então 5² + 5 = 25 + 5 = 30 (par).";"Par"
25;1;Direta;Demonstracao Direta;"Os números ímpares estão distribuídos de dois em dois na reta numérica. Portanto, adicionar exatamente 2 unidades a um número ímpar te leva ao próximo ímpar.";"Se n = 7 (ímpar), então 7 + 2 = 9, que continua sendo um número ímpar.";"Ímpar"
25;2;Direta;Demonstracao Direta;"Sim. Pelo sistema de numeração decimal, a tabuada ou os múltiplos do número 5 alternam os seus algarismos das unidades estritamente entre os dígitos 0 e 5.";"5, 10, 15, 20, 25... Todos terminam exclusivamente em 0 ou 5.";"Sim, sempre termina em 0 ou 5"
25;3;Direta;Demonstracao Direta;"A soma de um número par com um número ímpar quebra a simetria de pares, resultando sempre em um número ímpar. Algebricamente: 2k + (2m + 1) = 2(k + m) + 1.";"Se a = 4 (par) e b = 7 (ímpar), então 4 + 7 = 11, que é um número ímpar.";"Ímpar"
25;4;Direta;Demonstracao Direta;"A expressão n(n-1) representa o produto de dois números consecutivos. Como um deles é necessariamente par, o produto final herdará o fator 2 e será par.";"Se n = 4, 4 * (4 - 1) = 12 (par). Se n = 3, 3 * (3 - 1) = 6 (par).";"Par"
26;1;Direta;Demonstracao Direta;"Ser múltiplo de 2 é a exata definição matemática e conceitual do que constitui um número par.";"Os números 2, 4, 6, 8 e 10 são múltiplos de 2, logo, são todos números pares.";"Par"
26;2;Direta;Demonstracao Direta;"Se dois números são múltiplos de 4, podemos escrevê-los como 4k e 4m. A soma fica 4k + 4m = 4(k + m), provando diretamente que o resultado continua múltiplo de 4.";"Se a = 8 e b = 12, então 8 + 12 = 20, que é um múltiplo de 4.";"Múltiplo de 4"
26;3;Direta;Demonstracao Direta;"Multiplicar um número ímpar por ele mesmo mantém a ausência do fator 2 na fatoração. Algebricamente: (2k + 1)² = 4k² + 4k + 1 = 2(2k² + 2k) + 1 (ímpar).";"Se n = 5 (ímpar), então n² = 5 * 5 = 25, que continua sendo ímpar.";"Ímpar"
26;4;Direta;Demonstracao Direta;"Expandindo a expressão: (n² + 2n + 1) - n² = 2n + 1. A estrutura 2n + 1 define os números ímpares. Portanto, o resultado pertence ao subconjunto dos números ímpares.";"Se n = 3, temos (3+1)² - 3² = 16 - 9 = 7 (número ímpar).";"Subconjunto dos números ímpares"
27;1;Direta;Demonstracao Direta;"No sistema decimal, qualquer número inteiro que seja perfeitamente divisível por 10 precisa obrigatoriamente ter o algarismo zero na posição das unidades.";"Múltiplos de 10: 10, 20, 150, 1000. Todos terminam com o algarismo 0.";"0"
27;2;Direta;Demonstracao Direta;"Carta de sorte e bônus! O jogador ganha o direito de pegar uma carta de apoio e avança considerando que acertou o desafio, a menos que uma carta de contra-ataque seja usada.";"Interação de jogo: guarde a carta de apoio adquirida ou use-a imediatamente conforme as regras de tabuleiro.";"O jogador acertou automaticamente (salvo interferência)"
27;3;Direta;Demonstracao Direta;"Sim. Se um número é múltiplo de 6, ele pode ser escrito como 6k. Como 6 é igual a 2 * 3, a expressão vira 3*(2k), provando que ele possui o 3 como fator.";"O número 18 é múltiplo de 6 (6 * 3) e também é múltiplo de 3 (3 * 6).";"Sim, é múltiplo de 3"
27;4;Direta;Demonstracao Direta;"Se n é par (2k), o seu cubo será (2k)³ = 8k³. Podemos reescrever 8k³ como 2 * (4k³), o que prova diretamente que o resultado é um número par (e também múltiplo de 8).";"Se n = 4 (par), então n³ = 4 * 4 * 4 = 64, que é um número par.";"Par"
28;1;Contra;Contrapositiva;"A contrapositiva é uma lei de equivalência lógica que afirma que a proposição 'Se P, então Q' tem exatamente o mesmo valor jurídico/verdade de 'Se não Q, então não P'.";"Dizer 'Se nasci no Brasil, sou brasileiro' equivale logicamente a dizer 'Se não sou brasileiro, não nasci no Brasil'.";"Uma lei lógica onde negamos a conclusão para deduzir a negação da hipótese"
28;2;Contra;Contrapositiva;"Para encontrar a contrapositiva de uma implicação simples condicional, você deve inverter a ordem das duas proposições e negar ambas simultaneamente: ¬q → ¬p.";"A frase 'Se chove, molha' (p → q) vira contrapositiva como 'Se não molha, não chove' (¬q → ¬p).";"¬q → ¬p (Se não q, então não p)"
28;3;Contra;Contrapositiva;"A contrapositiva é usada porque muitas vezes provar diretamente que 'P' causa 'Q' é muito complexo matematicamente, enquanto provar que a falta de 'Q' impede 'P' é muito mais simples.";"Provar diretamente que n² é par implica n par exige álgebra complexa; provar que n ímpar implica n² ímpar é muito mais fácil.";"Porque às vezes é mais fácil provar a negação do que a afirmação direta"
28;4;Contra;Contrapositiva;"Aplicamos a regra invertendo os lados e negando tudo. A negação de (p ou q), pelas Leis de DeMorgan, transforma-se em (não p E não q). Logo, fica: não r implica (não p e não q).";"A expressão formal fica: ¬r → (¬p ∧ ¬q).";"¬r → (¬p ∧ ¬q)"
29;1;Contra;Contrapositiva;"Essa frase já está no formato contrapositivo. Ela equivale logicamente à afirmação direta original: 'Se chove, então está molhado'.";"Invertendo e tirando as negações de 'Não molhado → Não choveu', retornamos para 'Choveu → Molhado'.";"Se choveu, então está molhado"
29;2;Contra;Contrapositiva;"Não, não pode. Pela regra estabelecida, a presença de energia é uma condição obrigatória para que a luz acenda. Sem energia (não Q), a luz não acende (não P).";"A regra diz: Luz acesa → Energia. Contrapositiva: Sem energia → Luz apagada. Portanto, a luz não pode estar acesa.";"Não, a luz deve estar apagada"
29;3;Contra;Contrapositiva;"Não. Se o número não é par (não Q), ele jamais poderá ser um múltiplo de 4 (não P), visto que todos os múltiplos de 4 pertencem obrigatoriamente ao conjunto dos números pares.";"Múltiplo de 4 → Par. Contrapositiva: Não é par → Não é múltiplo de 4. Um número como o 7 não é par, logo não pode ser múltiplo de 4.";"Não, é impossível"
29;4;Contra;Contrapositiva;"Não. De acordo com a frase condicional estabelecida, ter estudado é condição necessária para ter passado. Se você não estudou, é impossível ter passado.";"Passou → Estudou. Contrapositiva: Não estudou → Não passou. Portanto, você não pode ter passado.";"Não, não pode ter passado"
30;1;Contra;Contrapositiva;"Não. A regra define que para ser médica é obrigatório ter estudado medicina. Se a pessoa não possui o estudo (não Q), ela não pode exercer a profissão (não P).";"Médica → Estudou Medicina. Contrapositiva: Não estudou → Não é médica. Logo, ela não pode ser médica.";"Não, não pode"
30;2;Contra;Contrapositiva;"Não. Ter combustível é condição obrigatória para o funcionamento do carro nesse cenário. Sem combustível (não Q), o carro estará obrigatoriamente desligado (não P).";"Carro ligado → Combustível. Contrapositiva: Sem combustível → Carro desligado. Logo, não pode estar ligado.";"Não, não pode"
30;3;Contra;Contrapositiva;"Não. Se a pessoa não cumpre o requisito de ter mais de 18 anos (não Q), pela lógica direta apresentada ela não pode ser considerada uma pessoa adulta (não P).";"Adulto → Maior de 18. Contrapositiva: Não é maior de 18 → Não é adulto. Logo, não é adulto.";"Não, não é adulto"
30;4;Contra;Contrapositiva;"Não. A frase dita que o estudo garante o aprendizado. Pela lei da contrapositiva, se o aprendizado não ocorreu (não Q), significa que o processo de estudo não foi realizado (não P).";"Estudo → Aprendo. Contrapositiva: Não aprendi → Não estudei. Portanto, você não estudou.";"Não, não pode ter estudado"
31;1;Contra;Contrapositiva;"Não. Se ser divisível por 2 é uma consequência obrigatória de ser par, a ausência dessa divisibilidade garante com precisão que o número não é par (ou seja, ele é ímpar).";"Par → Divisível por 2. Contrapositiva: Não divisível por 2 → Não é par. O número 9 não é divisível por 2, logo não é par.";"Não, ele não é par (é ímpar)"
31;2;Contra;Contrapositiva;"Invertemos os termos da frase e aplicamos a negação em ambos: 'Se um número não é divisível por 10, então ele não termina em 0'.";"Direta: Termina em 0 → Divisível por 10. Contrapositiva: Não divisível por 10 → Não termina em 0.";"Se um número não é divisível por 10, então não termina em 0"
31;3;Contra;Contrapositiva;"Invertemos a ordem das afirmações negando os dois lados: 'Se um número não é múltiplo de 4, então ele não é múltiplo de 8'.";"Direta: Múltiplo de 8 → Múltiplo de 4. Contrapositiva: Não é múltiplo de 4 → Não é múltiplo de 8.";"Se um número não é múltiplo de 4, então não é múltiplo de 8"
31;4;Contra;Contrapositiva;"A contrapositiva nega a segunda parte para negar a primeira: 'Se n não é múltiplo de 3, então n² não é múltiplo de 3'.";"Essa transformação facilita a prova, pois é mais fácil multiplicar um número que não é múltiplo de 3 do que extrair a raiz quadrada.";"Se n não é múltiplo de 3, então n² não é múltiplo de 3"
32;1;Contra;Contrapositiva;"Invertemos negando: 'Se o quadrado de um número não é ímpar (ou seja, é par), então o número original não é ímpar (é par)'.";"Direta: Ímpar → Quadrado Ímpar. Contrapositiva: Quadrado Par → Número Par.";"Se o quadrado de um número é par, então o número é par"
32;2;Contra;Contrapositiva;"Invertemos a equação aplicando a negação (o sinal de diferente '≠'): 'Se x é diferente de 0, então o módulo de x é diferente de 0'.";"Direta: |x|=0 → x=0. Contrapositiva: x ≠ 0 → |x| ≠ 0.";"Se x ≠ 0, então |x| ≠ 0"
32;3;Contra;Contrapositiva;"Invertemos os termos aplicando a negação dos sinais de maior ou igual (que viram sinais de 'menor que'): 'Se |x| < 2, então x² < 4'.";"Direta: x² ≥ 4 → |x| ≥ 2. Contrapositiva: |x| < 2 → x² < 4.";"Se |x| < 2, então x² < 4"
32;4;Contra;Contrapositiva;"A negação de 'a e b são ímpares' é 'a ou b é par' (Leis de DeMorgan). Invertendo e negando fica: 'Se a ou b é par, então o produto ab é par'.";"Direta: ab ímpar → a e b ímpares. Contrapositiva: a é par ou b é par → ab é par.";"Se a ou b for par, então o produto ab é par"
33;1;Contra;Contrapositiva;"Invertemos aplicando a negação nos conjuntos: 'Se x² não é um número inteiro, então x não é um número inteiro'.";"Se o resultado do quadrado quebrou a estrutura inteira (ex: 2.5), o número de origem não podia ser inteiro.";"Se x² não é inteiro, então x não é inteiro"
33;2;Contra;Contrapositiva;"Invertemos negando os conceitos: 'Se a derivada de uma função não é zero, então a função não é constante'.";"Direta: Constante → Derivada Zero. Contrapositiva: Derivada ≠ 0 → Não é Constante.";"Se a derivada de uma função não é zero, então a função não é constante"
33;3;Contra;Contrapositiva;"Carta de armadilha no tabuleiro! O jogador que retirou deve voltar 3 casas imediatamente e colocar um marcador ali. Qualquer outro jogador que pousar nessa casa futuramente perderá 1 casa.";"Ações de penalidade de movimentação. Não exige resposta teórica, apenas a execução da punição no tabuleiro.";"O jogador recua 3 casas e ativa uma armadilha para os oponentes"
33;4;Contra;Contrapositiva;"A contrapositiva é uma equivalência direta que troca uma implicação por outra equivalente (¬q → ¬p). O absurdo assume que a afirmação inteira é falsa e busca uma contradição com qualquer fato conhecido.";"Na contrapositiva você sabe onde quer chegar (no ¬p). No absurdo, você assume a negação e calcula até achar uma impossibilidade matemática matemática (como 0=1).";"A contrapositiva foca em provar ¬q → ¬p, enquanto o absurdo busca uma contradição genérica"
34;1;contra;Absurdo;"(Atenção: pergunta repetida no seu banco de dados, mantida a coerência) A contrapositiva é a equivalência lógica onde invertemos e negamos as proposições (Se não Q, então não P).";"Dizer 'Se tem fumaça, tem fogo' equivale a 'Se não tem fogo, não tem fumaça'.";"Uma lei lógica onde se prova que ¬q → ¬p possui o mesmo valor que p → q"
34;2;contra;Absurdo;"A contrapositiva da condicional p → q é obtida negando ambas as proposições e invertendo o sentido da seta de implicação, resultando em ¬q → ¬p.";"Inverte-se a ordem das proposições e adiciona-se o modificador de negação '¬'.";"¬q → ¬p"
34;3;contra;Absurdo;"Não. Se um número não é par, ele é categorizado como ímpar. Como todos os números múltiplos de 4 são estritamente pares, nenhum número ímpar pode fazer parte desse grupo.";"O número 7 não é par (é ímpar), portanto é impossível que ele seja um múltiplo de 4.";"Não, é impossível"
34;4;contra;Absurdo;"Invertemos as duas afirmações trocando a propriedade de 'ímpar' por 'par' (que é a sua negação natural): 'Se n é par, então n² é par'.";"Direta: n² ímpar → n ímpar. Contrapositiva: n par → n² par.";"Se n é par, então n² é par"
35;1;contra;Absurdo;"A prova por absurdo (Reductio ad absurdum) é um método de demonstração onde assumimos que a afirmação que queremos provar é falsa e demonstramos que essa suposição gera uma impossibilidade lógica.";"Para provar que algo é verdadeiro, mostramos que considerar isso falso quebra as leis da matemática.";"Um método de prova que assume a falsidade da afirmação para encontrar uma contradição"
35;2;contra;Absurdo;"Em uma prova por absurdo, assumimos como hipótese inicial exatamente o oposto da nossa tese, ou seja, assumimos provisoriamente que a afirmação que queremos provar é FALSA.";"Se queremos provar que '√2 é irracional', começamos a demonstração escrevendo: 'Assuma, por absurdo, que √2 é racional'.";"Assumimos que a afirmação que queremos provar é falsa (negamos a tese)"
35;3;contra;Absurdo;"Se a negação da afirmação nos levou a um resultado logicamente impossível (uma contradição), concluímos com certeza absoluta que a nossa suposição estava errada e, portanto, a afirmação original é VERDADEIRA.";"Se assumir que a porta estava trancada te leva à conclusão de que ela estava aberta, a suposição inicial cai e prova-se o oposto.";"Concluímos que a afirmação original é verdadeira"
35;4;contra;Absurdo;"Ela é extremamente útil porque expande o arsenal de ferramentas. Em vez de construir uma linha lógica do nada, você ganha dados extras ao poder usar a negação da tese a seu favor para achar um erro.";"Provar diretamente que existem infinitos números primos é muito difícil. Assumir que a lista é finita te dá um número fixo de elementos para fazer cálculos e achar o erro.";"Porque nos dá uma hipótese extra para trabalhar até encontrar uma impossibilidade lógíca"
36;1;contra;Contrapositiva;"Não. Se terminar em 0 é uma consequência obrigatória de ser divisível por 10, a ausência do zero no final garante que o número não pode ser dividido por 10.";"O número 37 não termina em 0, logo, usando a contrapositiva, afirmamos que ele não é divisível por 10.";"Não, não é divisível por 10"
36;2;contra;Contrapositiva;"Não, não pode ter chovido. Se a chuva obrigatoriamente molha a rua, o fato de a rua estar seca (não Q) comprova por contrapositiva que a chuva não aconteceu (não P).";"Chove → Rua molhada. Contrapositiva: Rua seca → Não choveu.";"Não, não pode ter chovido"
36;3;contra;Contrapositiva;"Não, você não treinou. Se o treino garante a melhoria e você não obteve evolução (não Q), o cenário lógico dita que o ato de treinar não foi executado (não P).";"Treino → Melhoria. Contrapositiva: Não melhorei → Não treinei.";"Não, você não treinou"
36;4;contra;Contrapositiva;"Não. Se todo objeto de metal tem o dever físico de conduzir eletricidade, um material isolante que não conduz eletricidade (não Q) jamais poderá ser classificado como metal (não P).";"Metal → Conduz Eletricidade. Contrapositiva: Não conduz → Não é metal.";"Não, não é metal"